location	1050	55.68066419	12.58599677
location	1051	55.68028591	12.59069545
location	1052	55.67906706	12.58954953
location	1053	55.67798554	12.59073024
location	1054	55.67763459	12.58906639
location	1055	55.67723063	12.58807365
location	1056	55.67946993	12.58793902
location	1057	55.67833168	12.58959495
location	1058	55.67642444	12.58534665
location	1059	55.67675239	12.58672365
location	1060	55.67666743	12.5839391
location	1061	55.67759693	12.58119282
location	1062	55.67745504	12.5820684
location	1063	55.67812648	12.58481601
location	1064	55.67855701	12.58421619
location	1065	55.67792954	12.58122649
location	1066	55.67738024	12.58283658
location	1067	55.67872776	12.58180816
location	1068	55.67746813	12.58355191
location	1069	55.67777633	12.58417532
location	1070	55.67881568	12.58352498
location	1071	55.67826694	12.58375053
location	1072	55.67845615	12.58065996
location	1073	55.67878588	12.58063157
location	1074	55.67941235	12.5835962
location	1100	55.67989336	12.58283276
location	1101	55.68044771	12.5831775
location	1102	55.68084435	12.58279789
location	1103	55.68076455	12.58412972
location	1104	55.68124172	12.58393567
location	1105	55.68003329	12.58212355
location	1106	55.68045276	12.58120094
location	1107	55.68161934	12.58319268
location	1110	55.68146481	12.5818153
location	1111	55.68219996	12.58080608
location	1112	55.68123981	12.57974966
location	1113	55.68001592	12.58017369
location	1114	55.68069802	12.57891556
location	1115	55.68103123	12.5782846
location	1116	55.68222456	12.58005882
location	1117	55.6810324	12.58157142
location	1118	55.68104247	12.58080964
location	1119	55.6823894	12.57714609
location	1120	55.68236562	12.57870875
location	1121	55.68277836	12.57891573
location	1122	55.68253368	12.57978841
location	1123	55.68426232	12.57745579
location	1124	55.68303024	12.57689183
location	1125	55.6824351	12.5763264
location	1126	55.68215407	12.57533822
location	1127	55.68291443	12.57557089
location	1128	55.68278092	12.57472861
location	1129	55.68317382	12.57433901
location	1130	55.68337542	12.57364349
location	1131	55.68385549	12.5738097
location	1150	55.68116132	12.57715963
location	1151	55.67925834	12.57640167
location	1152	55.68037643	12.57705358
location	1153	55.67913736	12.57741313
location	1154	55.67961793	12.5758435
location	1155	55.68007367	12.57544104
location	1156	55.67957221	12.57530761
location	1157	55.67907168	12.57544281
location	1158	55.67861951	12.57361214
location	1159	55.68077513	12.57608635
location	1160	55.67891577	12.57872573
location	1161	55.67850064	12.5756279
location	1162	55.67882502	12.57447247
location	1164	55.67826381	12.57338344
location	1165	55.68076308	12.57068192
location	1166	55.67899335	12.57281215
location	1167	55.6791299	12.57155172
location	1168	55.67990118	12.57235905
location	1169	55.680565	12.57454621
location	1170	55.68008905	12.57446263
location	1171	55.68176293	12.57230844
location	1172	55.68095745	12.5736165
location	1173	55.68174413	12.57365135
location	1174	55.68241134	12.5724811
location	1175	55.6825404	12.57381402
location	1200	55.67820341	12.5798222
location	1201	55.67814189	12.57789223
location	1202	55.67784097	12.57890309
location	1203	55.67599986	12.57551486
location	1204	55.67653214	12.57548042
location	1205	55.67723642	12.57678089
location	1206	55.67754793	12.57706457
location	1207	55.67810969	12.57661838
location	1208	55.6769724	12.57500757
location	1209	55.67789078	12.57572903
location	1210	55.67809804	12.57425967
location	1211	55.67746346	12.5742407
location	1212	55.67697431	12.57885933
location	1213	55.67661266	12.57795782
location	1214	55.67457356	12.5797559
location	1215	55.67531545	12.58579648
location	1216	55.67524377	12.58303861
location	1218	55.67606586	12.58039666
location	1219	55.67372527	12.58282674
location	1220	55.67379886	12.57928044
location	1221	55.67305254	12.58166639
location	1250	55.68203388	12.58973054
location	1251	55.67996918	12.59382365
location	1252	55.68088864	12.5950897
location	1253	55.68510523	12.59593251
location	1254	55.68099691	12.59035137
location	1255	55.68116853	12.58863161
location	1256	55.68694458	12.59639664
location	1257	55.68446372	12.59278982
location	1259	55.68989954	12.59902952
location	1260	55.68382322	12.59009759
location	1261	55.68191836	12.58694628
location	1263	55.68876737	12.59622407
location	1264	55.68424184	12.58756966
location	1265	55.68485743	12.58943983
location	1266	55.68789729	12.59098837
location	1267	55.68828183	12.5903806
location	1268	55.68881006	12.59030867
location	1270	55.68984032	12.5908799
location	1271	55.68924322	12.58981807
location	1300	55.68266571	12.58427444
location	1301	55.68334448	12.58587955
location	1302	55.68448319	12.58409674
location	1303	55.68594749	12.58837636
location	1304	55.68333481	12.58306965
location	1306	55.68430724	12.58135321
location	1307	55.68643425	12.57998797
location	1308	55.6865329	12.58479357
location	1309	55.68721135	12.58342163
location	1310	55.68593955	12.59029867
location	1311	55.68811515	12.58380631
location	1312	55.68763774	12.58583966
location	1313	55.68703948	12.58894598
location	1314	55.68750826	12.58633595
location	1315	55.68763127	12.58791833
location	1316	55.68830711	12.58282835
location	1317	55.68896717	12.58191343
location	1318	55.68846582	12.58478262
location	1319	55.68802871	12.58712218
location	1320	55.68846691	12.58748743
location	1321	55.68791672	12.5895451
location	1322	55.68835925	12.58942362
location	1323	55.68966625	12.58573703
location	1324	55.68930756	12.58712585
location	1325	55.68932439	12.58847527
location	1326	55.68962824	12.58839238
location	1327	55.69037471	12.58723576
location	1328	55.68991619	12.58836924
location	1329	55.68914774	12.58464108
location	1350	55.68659617	12.57590522
location	1352	55.68939296	12.57310725
location	1353	55.68704697	12.57119575
location	1354	55.68980117	12.57096165
location	1355	55.68871643	12.5712291
location	1356	55.6871711	12.56804206
location	1357	55.6886384	12.56812794
location	1358	55.68056747	12.56695637
location	1359	55.68365009	12.56421074
location	1360	55.6856827	12.56656367
location	1361	55.68296065	12.56876693
location	1362	55.68488443	12.56993139
location	1363	55.68513437	12.56557099
location	1364	55.68207564	12.56643374
location	1365	55.68208169	12.56444325
location	1366	55.68207959	12.56325243
location	1367	55.68310746	12.56359571
location	1368	55.68138249	12.56378826
location	1369	55.68214443	12.55953017
location	1370	55.68484818	12.56346092
location	1371	55.68594651	12.56404534
location	1400	55.67038519	12.59681168
location	1401	55.67685447	12.59502578
location	1402	55.67247291	12.58559604
location	1403	55.67551778	12.59407312
location	1406	55.675415	12.59266256
location	1407	55.67360101	12.59549054
location	1408	55.67363428	12.5908827
location	1409	55.67350235	12.58777071
location	1410	55.67196283	12.59114309
location	1411	55.67032327	12.5834018
location	1412	55.67059202	12.58609487
location	1413	55.67061972	12.58664272
location	1414	55.67226424	12.58963364
location	1415	55.67442116	12.5950271
location	1416	55.67303619	12.59453284
location	1417	55.67272014	12.59231772
location	1418	55.67133117	12.59016855
location	1419	55.67053449	12.58895097
location	1420	55.67073872	12.59000159
location	1421	55.67028252	12.58811181
location	1422	55.67578336	12.60073759
location	1423	55.67073581	12.59282667
location	1424	55.66931315	12.59220558
location	1425	55.67184012	12.59425877
location	1426	55.67223173	12.59670167
location	1427	55.67501129	12.59740604
location	1428	55.67551144	12.59745699
location	1429	55.67527963	12.59825398
location	1430	55.67688022	12.59882845
location	1432	55.69362651	12.61875964
location	1433	55.72071617	12.6662797
location	1434	55.67822946	12.60090389
location	1435	55.6803494	12.60607236
location	1436	55.67613469	12.60345351
location	1437	55.6792312	12.60521843
location	1438	55.68264346	12.60221952
location	1439	55.68486143	12.60712512
location	1440	55.67308696	12.60137342
location	1441	55.67992992	12.6128732
location	1450	55.67728132	12.57305928
location	1451	55.6800785	12.56919359
location	1452	55.67954104	12.56829492
location	1453	55.67990502	12.57080331
location	1454	55.67806442	12.56955821
location	1455	55.67883409	12.57032224
location	1456	55.67731979	12.56925402
location	1457	55.67821919	12.57191269
location	1458	55.67697626	12.57201105
location	1459	55.67753312	12.57180355
location	1460	55.67662509	12.57083548
location	1461	55.67681948	12.57298975
location	1462	55.6762414	12.57177767
location	1463	55.67572208	12.57219443
location	1464	55.67644962	12.5726221
location	1465	55.67606578	12.57342745
location	1466	55.67686347	12.57412316
location	1467	55.67607304	12.57413846
location	1468	55.67552423	12.57336739
location	1470	55.67506238	12.57386014
location	1471	55.67431551	12.57499967
location	1472	55.67368537	12.57632308
location	1473	55.6723366	12.57832354
location	1550	55.67630637	12.56794358
location	1551	55.67922359	12.56484383
location	1552	55.67433051	12.57367758
location	1553	55.67455675	12.56908785
location	1554	55.67705334	12.56487951
location	1555	55.674964	12.57512169
location	1556	55.67354201	12.5735107
location	1557	55.67318078	12.57487379
location	1558	55.67189966	12.57714319
location	1559	55.67150035	12.57764517
location	1560	55.66270522	12.56196831
location	1561	55.66129036	12.56003957
location	1562	55.67042671	12.57484744
location	1563	55.67081742	12.57359465
location	1564	55.67242943	12.57621894
location	1567	55.67019634	12.57132645
location	1568	55.66908712	12.57277693
location	1569	55.67128988	12.57067539
location	1570	55.67358392	12.56449889
location	1571	55.67075323	12.57232129
location	1572	55.67148756	12.57323774
location	1573	55.67173669	12.57409664
location	1574	55.67158961	12.57217128
location	1575	55.67200881	12.57057649
location	1576	55.67113694	12.56944432
location	1577	55.66901215	12.56800445
location	1600	55.67988681	12.56258051
location	1601	55.67877817	12.55937917
location	1602	55.67873082	12.5612736
location	1603	55.67925094	12.56222843
location	1604	55.67743294	12.5613943
location	1605	55.67602364	12.56106245
location	1606	55.67806697	12.56232778
location	1607	55.67858553	12.56377805
location	1608	55.67611213	12.56531755
location	1609	55.67579789	12.56377996
location	1610	55.67456576	12.5577223
location	1611	55.67518232	12.56362751
location	1612	55.67560841	12.56267131
location	1613	55.67452629	12.56162653
location	1614	55.67414128	12.56065848
location	1615	55.67390932	12.55909001
location	1616	55.67309834	12.55710699
location	1617	55.67294594	12.55457903
location	1618	55.67382242	12.55126144
location	1619	55.67376086	12.55017806
location	1620	55.67264298	12.55913327
location	1621	55.67293333	12.54769433
location	1622	55.67245693	12.54658832
location	1623	55.67193979	12.54526736
location	1624	55.67212888	12.54598034
location	1631	55.6825235	12.55548923
location	1632	55.68343153	12.55545314
location	1633	55.68231545	12.5564173
location	1634	55.68187637	12.55549264
location	1635	55.68284156	12.55627711
location	1650	55.66872787	12.55197362
location	1651	55.67129215	12.56525239
location	1652	55.67242389	12.56197922
location	1653	55.67234568	12.5609699
location	1654	55.67158989	12.55933466
location	1655	55.67121581	12.55816022
location	1656	55.67137912	12.55631521
location	1657	55.67050611	12.55581577
location	1658	55.67049852	12.55413977
location	1659	55.67182348	12.55451216
location	1660	55.67089792	12.55264927
location	1661	55.67164674	12.55188166
location	1662	55.67152277	12.55084057
location	1663	55.67061559	12.54995271
location	1664	55.67191845	12.54919832
location	1665	55.67082135	12.54858405
location	1666	55.66979331	12.54734503
location	1667	55.66906572	12.54621289
location	1668	55.66882907	12.54794234
location	1669	55.66573477	12.54769264
location	1670	55.66709135	12.54504302
location	1671	55.66836707	12.54530588
location	1672	55.6685544	12.54639085
location	1673	55.66799575	12.5465375
location	1674	55.66560066	12.54309456
location	1675	55.66647464	12.54685256
location	1676	55.66619152	12.54842401
location	1677	55.66602386	12.54700046
location	1699	55.66810542	12.56294693
location	1700	55.66945948	12.56228226
location	1701	55.67179515	12.56331688
location	1702	55.67134085	12.5637674
location	1703	55.67056976	12.56292145
location	1704	55.67305739	12.5699623
location	1705	55.66529398	12.5587649
location	1706	55.67074811	12.55994889
location	1707	55.6718825	12.56062207
location	1708	55.6696213	12.55745219
location	1709	55.66829956	12.55436089
location	1710	55.67015852	12.56287023
location	1711	55.66770326	12.5594416
location	1712	55.66837077	12.55783183
location	1714	55.66603571	12.5584376
location	1715	55.66870393	12.56063662
location	1716	55.66884414	12.55886941
location	1717	55.66707261	12.55731893
location	1718	55.66711053	12.55560361
location	1719	55.66698025	12.55476615
location	1720	55.66359129	12.54064325
location	1721	55.66624074	12.55326244
location	1722	55.66657955	12.55418453
location	1723	55.66726948	12.5522664
location	1724	55.66809061	12.55200311
location	1725	55.66565101	12.55379172
location	1726	55.66564743	12.55256569
location	1727	55.66529918	12.55157104
location	1728	55.66481971	12.55064723
location	1729	55.66458741	12.54915072
location	1730	55.66439812	12.54822289
location	1731	55.66411741	12.54688486
location	1732	55.66393593	12.54573859
location	1733	55.66368886	12.54431734
location	1734	55.66523209	12.54568262
location	1735	55.66479718	12.54537668
location	1736	55.66524968	12.54364271
location	1737	55.66484287	12.54447071
location	1738	55.66449069	12.54375074
location	1739	55.664438	12.54299209
location	1749	55.66952603	12.53704743
location	1750	55.66769158	12.5398063
location	1751	55.67008603	12.54477144
location	1752	55.67003659	12.54294527
location	1753	55.66961867	12.54335814
location	1754	55.66925047	12.54411696
location	1755	55.66967755	12.54272296
location	1756	55.66900959	12.54203009
location	1757	55.66915035	12.54082339
location	1758	55.66758517	12.54297343
location	1759	55.66851692	12.5432819
location	1760	55.66571623	12.54546668
location	1761	55.66772397	12.54124611
location	1762	55.66555484	12.54086863
location	1763	55.6656842	12.54207733
location	1764	55.66497095	12.53940436
location	1765	55.66440364	12.53905783
location	1766	55.66414411	12.54067769
location	1770	55.66822916	12.5365578
location	1771	55.66852133	12.53917356
location	1772	55.6682938	12.53864545
location	1773	55.66818798	12.53801681
location	1774	55.66797162	12.53904722
location	1775	55.66788031	12.53683801
location	1777	55.66702322	12.53764622
location	1799	55.66585361	12.53344813
location	1800	55.67047098	12.53600765
location	1801	55.6690663	12.53414281
location	1802	55.67007767	12.53457921
location	1803	55.66997053	12.53340416
location	1804	55.67003692	12.53225891
location	1805	55.66804842	12.5311529
location	1806	55.6721564	12.53424914
location	1807	55.67115759	12.53331808
location	1808	55.67159046	12.53426314
location	1809	55.6716243	12.53554461
location	1810	55.67146453	12.53960125
location	1811	55.6725422	12.53677431
location	1812	55.67120846	12.53698945
location	1813	55.67238106	12.53865345
location	1814	55.67153382	12.54130724
location	1815	55.6727428	12.54237549
location	1816	55.67280184	12.54338951
location	1817	55.6720535	12.54298543
location	1818	55.67247144	12.54488147
location	1819	55.67398318	12.54936765
location	1820	55.67407429	12.53462279
location	1822	55.67268282	12.54608419
location	1823	55.67285485	12.54538991
location	1824	55.67414951	12.54712394
location	1825	55.67422815	12.5454441
location	1826	55.67479317	12.54450577
location	1827	55.67472699	12.54312856
location	1828	55.67482887	12.5419349
location	1829	55.67594343	12.54143187
location	1850	55.67774692	12.5362512
location	1851	55.67572373	12.53965438
location	1852	55.67648934	12.53849568
location	1853	55.67529526	12.53701022
location	1854	55.67515529	12.53452691
location	1855	55.67620071	12.53573489
location	1856	55.67661415	12.53738999
location	1857	55.67693751	12.53561489
location	1860	55.68109331	12.53719762
location	1861	55.67979174	12.53508153
location	1862	55.68004417	12.53618519
location	1863	55.67918107	12.53725843
location	1864	55.6783961	12.53709225
location	1865	55.67906052	12.53840772
location	1866	55.67777926	12.53802154
location	1867	55.67856694	12.53980769
location	1868	55.67769198	12.54048726
location	1870	55.68052551	12.54099176
location	1871	55.68208484	12.54271496
location	1872	55.68027144	12.54486513
location	1873	55.67981424	12.54531212
location	1874	55.6794665	12.546312
location	1875	55.67914852	12.54439633
location	1876	55.67796084	12.54513765
location	1877	55.676822	12.54314122
location	1878	55.67659707	12.54447671
location	1879	55.67944885	12.54791386
location	1900	55.67568449	12.55571599
location	1901	55.67596832	12.54638197
location	1902	55.67688481	12.54764912
location	1903	55.67760453	12.54962625
location	1904	55.67662945	12.5503761
location	1905	55.67498553	12.55032219
location	1906	55.67534886	12.55138892
location	1908	55.67446845	12.55353922
location	1909	55.67558015	12.55272852
location	1910	55.67957423	12.55012682
location	1911	55.67759267	12.55287463
location	1912	55.67947352	12.55170183
location	1913	55.67825536	12.55215583
location	1914	55.67839105	12.55360844
location	1915	55.67886014	12.55191481
location	1916	55.67755331	12.55696888
location	1917	55.67684523	12.55519671
location	1920	55.68036477	12.54975215
location	1921	55.67989699	12.55335595
location	1922	55.68060854	12.55207833
location	1923	55.6811586	12.55021079
location	1924	55.68134585	12.55169309
location	1925	55.68101368	12.55346186
location	1926	55.68001622	12.55635291
location	1927	55.67936955	12.55644595
location	1928	55.67873506	12.55637458
location	1950	55.68169351	12.53569241
location	1951	55.68207494	12.53659621
location	1952	55.68244847	12.53583526
location	1953	55.68293731	12.53719507
location	1954	55.68414812	12.5391162
location	1955	55.6836199	12.54040474
location	1956	55.6833691	12.54129064
location	1957	55.68330146	12.54256908
location	1958	55.68504127	12.54350985
location	1959	55.68574931	12.54140448
location	1960	55.68491069	12.54945121
location	1961	55.6819061	12.54710267
location	1962	55.68262187	12.54653218
location	1963	55.68129366	12.54809396
location	1964	55.68439097	12.54841915
location	1965	55.68343992	12.54828201
location	1966	55.68336984	12.54945981
location	1967	55.68419509	12.54978855
location	1970	55.68275244	12.54880394
location	1971	55.68421574	12.55227545
location	1972	55.68366621	12.55268155
location	1973	55.68367036	12.55429159
location	1974	55.6822106	12.55381232
location	2000	55.67945641	12.51562935
location	2100	55.70892735	12.57229285
location	2150	55.71669144	12.6163047
location	2200	55.6940569	12.54914572
location	2300	55.65453772	12.60504109
location	2400	55.71256101	12.52876704
location	2450	55.64453879	12.52801294
location	2500	55.65941452	12.49869399
location	2600	55.6741838	12.39697754
location	2605	55.64503648	12.40439537
location	2610	55.68182922	12.44863533
location	2620	55.6869516	12.34477556
location	2625	55.63922355	12.36481979
location	2630	55.6579409	12.28083382
location	2635	55.62236463	12.33447891
location	2640	55.66357137	12.19945854
location	2650	55.63196911	12.46971814
location	2660	55.62196244	12.42428638
location	2665	55.61962618	12.3884378
location	2670	55.59488632	12.2795259
location	2680	55.52998438	12.20134648
location	2690	55.56927896	12.21375988
location	2700	55.70964347	12.48463422
location	2720	55.6883311	12.48194421
location	2730	55.74057031	12.42581802
location	2740	55.71528471	12.39724634
location	2750	55.73668449	12.3638449
location	2760	55.75323652	12.32084626
location	2765	55.72556424	12.28121197
location	2770	55.59816921	12.54212256
location	2791	55.57811737	12.5946831
location	2800	55.78572204	12.52083673
location	2820	55.75145806	12.53343057
location	2830	55.78962271	12.46836985
location	2840	55.81684549	12.48640452
location	2850	55.81751707	12.54388723
location	2860	55.73800813	12.48425242
location	2870	55.73206179	12.527951
location	2880	55.76191781	12.44587672
location	2900	55.73337558	12.56460287
location	2920	55.75534263	12.57482427
location	2930	55.77942236	12.57634278
location	2942	55.81890412	12.56907341
location	2950	55.84725277	12.54527165
location	2960	55.8839166	12.53010237
location	2970	55.88126977	12.4388378
location	2980	55.91992432	12.45605071
location	2990	55.93342381	12.50063668
location	3000	56.04219716	12.50621585
location	3050	55.95707486	12.5143695
location	3060	55.99750731	12.54192156
location	3070	56.01105642	12.57698891
location	3080	56.02560338	12.45560033
location	3100	56.07098804	12.45350552
location	3120	56.08281996	12.39734185
location	3140	56.06799415	12.51154216
location	3150	56.06036086	12.54635755
location	3200	56.01099572	12.1715219
location	3210	56.0752446	12.14743951
location	3220	56.04541938	12.08216881
location	3230	56.03458805	12.33787185
location	3250	56.09144496	12.34028428
location	3300	55.97783517	12.05954858
location	3310	55.91208541	12.07773821
location	3320	55.93559156	12.15008815
location	3330	55.8837888	12.2099944
location	3360	56.02007033	12.00894842
location	3370	55.99124758	11.97025435
location	3390	55.96955956	11.91239732
location	3400	55.92123871	12.28696917
location	3450	55.86605512	12.33661891
location	3460	55.84270608	12.41757019
location	3480	55.97086354	12.40200836
location	3490	55.99928886	12.49542003
location	3500	55.77912974	12.35591788
location	3520	55.81981968	12.35067108
location	3540	55.8397364	12.28059858
location	3550	55.85027208	12.17447416
location	3600	55.83658956	12.09380321
location	3630	55.82585148	11.99233312
location	3650	55.78991195	12.1609202
location	3660	55.80077298	12.27836793
location	3670	55.75497247	12.23729507
location	3700	55.12295268	14.77040857
location	3720	55.07147062	14.92562941
location	3730	55.05756352	15.07266776
location	3740	55.11595273	15.1077899
location	3751	55.13963814	15.02005288
location	3760	55.17844614	14.94602791
location	3770	55.24763678	14.7919022
location	3782	55.19264146	14.81018781
location	3790	55.20627219	14.7410151
location	4000	55.62171234	12.05578482
location	4030	55.59602755	12.16990416
location	4040	55.74352995	12.1115294
location	4050	55.76620904	12.00889849
location	4060	55.65438247	11.87373529
location	4070	55.70497207	11.91387965
location	4100	55.43053197	11.82805925
location	4130	55.55011926	12.00904287
location	4140	55.49411646	11.97092667
location	4160	55.32910688	11.77284465
location	4171	55.36237671	11.67300466
location	4173	55.43261731	11.66419067
location	4174	55.52537395	11.85552289
location	4180	55.40880423	11.55727004
location	4190	55.50160113	11.52243487
location	4200	55.40887585	11.37133987
location	4220	55.36648319	11.19353696
location	4230	55.23824003	11.33872913
location	4241	55.36414208	11.26373834
location	4242	55.3061459	11.26828566
location	4243	55.24034443	11.45970548
location	4244	55.20355947	11.1873573
location	4245	55.15835564	11.15030604
location	4250	55.31864081	11.55229442
location	4261	55.28221993	11.42947642
location	4262	55.25079677	11.528121
location	4270	55.50308551	11.30548124
location	4281	55.53282661	11.20494852
location	4291	55.55253436	11.38504044
location	4293	55.53579978	11.48228398
location	4295	55.55246779	11.57749201
location	4296	55.54056312	11.6485466
location	4300	55.69140735	11.68585053
location	4305	55.76946789	11.81388246
location	4320	55.59456942	11.95696429
location	4330	55.58583604	11.86940589
location	4340	55.61818163	11.74532267
location	4350	55.59017034	11.64996808
location	4360	55.56442046	11.78695601
location	4370	55.54054576	11.7241173
location	4390	55.66299845	11.74377246
location	4400	55.67771845	11.16811565
location	4420	55.66048124	11.60711139
location	4440	55.62211279	11.49619782
location	4450	55.61622153	11.38733175
location	4460	55.6969919	11.37072627
location	4470	55.65722471	11.29429706
location	4480	55.58200279	11.22057118
location	4490	55.61730235	11.23183281
location	4500	55.85219014	11.68364257
location	4520	55.71737311	11.48951817
location	4532	55.73610011	11.56410432
location	4534	55.76162861	11.40509082
location	4540	55.81146809	11.4165038
location	4550	55.81189764	11.49734808
location	4560	55.84646541	11.56037019
location	4571	55.79881789	11.57869539
location	4572	55.88038731	11.62326767
location	4573	55.90785357	11.56599512
location	4581	55.95452168	11.75161589
location	4583	55.96038007	11.37993514
location	4591	55.74163063	11.34429894
location	4592	55.88146568	11.15483481
location	4593	55.70817478	11.2778357
location	4600	55.4617703	12.12455693
location	4621	55.5745913	12.08017443
location	4622	55.54041131	12.11265454
location	4623	55.50779016	12.08511883
location	4632	55.44838852	12.02691725
location	4640	55.26858416	12.12411181
location	4652	55.36245892	12.22317915
location	4653	55.29633252	12.21696415
location	4654	55.2194462	12.14099444
location	4660	55.3143901	12.39204391
location	4671	55.38571793	12.30263101
location	4672	55.37980409	12.35667358
location	4673	55.2687039	12.36843542
location	4681	55.41715543	12.14194267
location	4682	55.38830546	12.08719823
location	4683	55.23758668	12.02277028
location	4684	55.25979308	11.86408266
location	4690	55.32031014	11.95519764
location	4700	55.18747659	11.83193497
location	4720	55.09676321	12.01502847
location	4733	55.18292413	11.97962307
location	4735	55.04277913	12.06281976
location	4736	55.19556032	11.63388817
location	4750	55.1146191	11.84977261
location	4760	55.04017051	11.89862831
location	4771	55.00803318	12.1427942
location	4772	55.00062089	12.08511083
location	4773	54.97683488	12.03284003
location	4780	54.94502182	12.24120039
location	4791	54.98676852	12.46809326
location	4792	54.91742131	12.16893204
location	4793	54.92596633	12.05627573
location	4800	54.79417523	11.91771696
location	4840	54.90504996	11.83249114
location	4850	54.86515744	12.03151802
location	4862	54.85951987	11.71401632
location	4863	54.86008558	11.90575916
location	4871	54.81849932	12.08885067
location	4872	54.73413853	11.98653793
location	4873	54.68596286	11.9267188
location	4874	54.63327544	11.9172479
location	4880	54.6647905	11.78687222
location	4891	54.75783089	11.77556977
location	4892	54.70725618	11.74606046
location	4894	54.68680743	11.60788029
location	4895	54.65340407	11.51366246
location	4900	54.84738694	11.17998254
location	4912	54.88012802	11.07829411
location	4913	54.92611187	11.19649792
location	4920	54.79935911	11.29197531
location	4930	54.76659869	11.49814602
location	4941	54.82684374	11.47188391
location	4942	54.89237614	11.48944128
location	4943	54.90522487	11.32872192
location	4944	54.95458322	11.44329003
location	4945	54.97395269	11.54023083
location	4951	54.81506841	11.4281128
location	4952	54.84533107	11.37909951
location	4953	54.86337913	11.28638368
location	4960	54.70172856	11.53543477
location	4970	54.70508915	11.3580411
location	4983	54.75559334	11.18719585
location	4990	54.77305497	11.66272081
location	5000	55.40946975	10.40417837
location	5200	55.39401435	10.32843174
location	5210	55.41754658	10.30695242
location	5220	55.34929575	10.49825565
location	5230	55.37859541	10.4114235
location	5240	55.42123207	10.44332209
location	5250	55.35251254	10.29791607
location	5260	55.34939755	10.39917484
location	5270	55.44966319	10.35714765
location	5290	55.396433	10.53251585
location	5300	55.4280626	10.66559789
location	5320	55.43328771	10.49270079
location	5330	55.45303068	10.52553123
location	5350	55.40654304	10.62525952
location	5370	55.49069461	10.65231059
location	5380	55.51753249	10.68882027
location	5390	55.54709111	10.65263113
location	5400	55.54353326	10.10364476
location	5450	55.53833721	10.39404998
location	5462	55.43415758	10.19234031
location	5463	55.45477943	10.02916475
location	5464	55.49127383	9.98162393
location	5466	55.49355829	9.89174003
location	5471	55.48691259	10.08371535
location	5474	55.46255575	10.14425747
location	5485	55.51969426	10.26859858
location	5491	55.38883518	10.22531693
location	5492	55.39228422	10.13229762
location	5500	55.49543203	9.79559492
location	5540	55.3853962	10.67264449
location	5550	55.36673317	10.58947313
location	5560	55.37369367	10.03851749
location	5580	55.45295435	9.8617054
location	5591	55.39954114	9.96614107
location	5592	55.39677197	9.87138048
location	5600	55.1212673	10.31643929
location	5601	55.0416111	10.14853074
location	5602	55.02556236	10.25896124
location	5603	55.06568932	10.24418889
location	5610	55.296664	9.95188834
location	5620	55.27213799	10.10343663
location	5631	55.23546244	9.97625126
location	5642	55.14245312	10.18191779
location	5672	55.24506199	10.25211529
location	5683	55.20982525	10.1471915
location	5690	55.3195544	10.19834407
location	5700	54.98699919	10.57527981
location	5750	55.2209888	10.42313811
location	5762	55.06879842	10.44387087
location	5771	55.12556284	10.52352287
location	5772	55.18424637	10.54250568
location	5792	55.2906707	10.3936597
location	5800	55.34895451	10.74962749
location	5853	55.2661035	10.63473931
location	5854	55.2122797	10.60886979
location	5856	55.23725238	10.54368086
location	5863	55.31045491	10.58601195
location	5871	55.23586503	10.75234559
location	5874	55.17835413	10.75889719
location	5881	55.08114666	10.69737797
location	5882	55.10211807	10.73945681
location	5883	55.12582781	10.74284307
location	5884	55.1496317	10.7120614
location	5892	55.15512414	10.63638217
location	5900	54.91241197	10.76399894
location	5932	54.80650064	10.70448851
location	5935	54.74917242	10.70558669
location	5943	54.90949375	10.60619227
location	5953	54.96442774	10.8125832
location	5960	54.85466822	10.49715109
location	5965	54.93108665	10.5027921
location	5970	54.85586468	10.39953328
location	5985	54.92649313	10.2694968
location	6000	55.51102382	9.44363216
location	6040	55.61664144	9.29089234
location	6051	55.55907816	9.46401838
location	6052	55.58677181	9.49835852
location	6064	55.55380577	9.3183142
location	6070	55.35487274	9.44750863
location	6091	55.44545871	9.55989385
location	6092	55.45931757	9.63585979
location	6093	55.4068472	9.53828204
location	6094	55.38443732	9.59620777
location	6100	55.20399665	9.49012437
location	6200	54.9813044	9.43042383
location	6210	55.11766266	9.56277977
location	6230	55.07437317	9.28037618
location	6240	55.06237954	8.96415413
location	6261	55.0635713	8.7786027
location	6270	54.95248429	8.89453488
location	6280	54.97579924	8.7073343
location	6300	54.91935276	9.54978771
location	6310	54.87471973	9.68728458
location	6320	54.9063012	9.61894445
location	6330	54.84549192	9.30983474
location	6340	54.8664663	9.4372799
location	6360	54.90310437	9.20354745
location	6372	55.01707978	9.14165592
location	6392	54.9843364	9.20811159
location	6400	54.95358442	9.69069031
location	6430	55.04290138	9.77041161
location	6440	54.97430575	9.94867622
location	6470	54.91335321	9.99084888
location	6500	55.2436827	9.31835235
location	6510	55.27645397	9.01601909
location	6520	55.18306206	9.0451996
location	6534	55.12832485	9.15854853
location	6535	55.12085206	9.05916508
location	6541	55.19588025	9.19750089
location	6560	55.32447339	9.26072776
location	6580	55.41366579	9.34398711
location	6600	55.4784284	9.11204215
location	6621	55.53607493	9.1837296
location	6622	55.58270689	9.15666611
location	6623	55.63499139	9.09958348
location	6630	55.38472069	9.14057169
location	6640	55.4763505	9.32882435
location	6650	55.49880374	8.99731666
location	6660	55.41777362	8.99575864
location	6670	55.51123398	8.90149179
location	6682	55.60367953	8.94671137
location	6683	55.43560842	8.91001913
location	6690	55.4813413	8.82201058
location	6700	55.46435394	8.47091415
location	6705	55.49119806	8.50670242
location	6710	55.56107856	8.35680928
location	6715	55.55332885	8.5093547
location	6720	55.40607728	8.42104862
location	6731	55.46810288	8.58981849
location	6740	55.46063621	8.70169105
location	6752	55.55973335	8.83181793
location	6753	55.60852142	8.82421529
location	6760	55.30372309	8.77710386
location	6771	55.40373213	8.74986974
location	6780	55.17737454	8.79090789
location	6792	55.11528075	8.51259758
location	6800	55.65607154	8.52854473
location	6818	55.57688969	8.71514349
location	6823	55.72123589	8.75126746
location	6830	55.78278429	8.23630263
location	6840	55.63843079	8.24132126
location	6851	55.63374455	8.38971082
location	6852	55.60426654	8.32545625
location	6853	55.58604052	8.13459453
location	6854	55.7073333	8.2650851
location	6855	55.70803366	8.37405373
location	6857	55.54979193	8.20009891
location	6862	55.71896752	8.63263378
location	6870	55.79347704	8.61815877
location	6880	55.89015511	8.54103977
location	6893	55.83086567	8.40278028
location	6900	55.99089672	8.5388741
location	6920	56.08052418	8.66992988
location	6933	55.94883412	8.92947696
location	6940	56.05110041	8.42316735
location	6950	56.12676631	8.28044627
location	6960	55.86176614	8.17402151
location	6971	56.15361133	8.50600358
location	6973	56.21518023	8.52448598
location	6980	56.18956069	8.19684723
location	6990	56.26972137	8.3516813
location	7000	55.57485304	9.65659006
location	7080	55.65097364	9.65846332
location	7100	55.68014643	9.48737505
location	7120	55.72791464	9.6446567
location	7130	55.76517236	9.9563685
location	7140	55.70380933	9.80237623
location	7150	55.70831576	9.89475415
location	7160	55.87483844	9.50220604
location	7171	55.8358153	9.59518771
location	7173	55.86467774	9.42328648
location	7182	55.70610256	9.36512374
location	7183	55.67810764	9.26919785
location	7184	55.71507833	9.19531768
location	7190	55.73747406	9.10002297
location	7200	55.75986358	8.89887879
location	7250	55.69122218	8.96462269
location	7260	55.85051521	8.89341393
location	7270	55.89268974	8.82814289
location	7280	55.94233735	8.80469755
location	7300	55.76853547	9.43589642
location	7321	55.77031641	9.31066038
location	7323	55.85744681	9.2710166
location	7330	55.93341595	9.0912202
location	7361	56.02375436	9.24826265
location	7362	56.06515415	9.38166979
location	7400	56.11911505	8.98775376
location	7430	56.09377094	9.1925469
location	7441	56.15034765	9.25470923
location	7442	56.21005036	9.30391703
location	7451	56.22960774	9.02585964
location	7470	56.32799021	9.17419358
location	7480	56.18215286	8.74507312
location	7490	56.2699576	8.79948064
location	7500	56.34794414	8.58519299
location	7540	56.32444075	8.9740962
location	7550	56.25194401	8.66525292
location	7560	56.43288826	8.64900967
location	7570	56.34831698	8.38106883
location	7600	56.45291193	8.54722904
location	7620	56.51847102	8.38720164
location	7650	56.43739992	8.21225901
location	7660	56.41551889	8.33184097
location	7673	56.6187646	8.1771008
location	7680	56.69720466	8.20870381
location	7700	56.98615967	8.56134222
location	7730	57.0996484	8.62783843
location	7741	57.10221602	8.96631433
location	7742	57.03603968	8.99007339
location	7752	56.86538172	8.53747892
location	7755	56.84864154	8.35724317
location	7760	56.721024	8.412962
location	7770	56.7980227	8.28096006
location	7790	56.62677283	8.54440323
location	7800	56.46317549	8.99505562
location	7830	56.46905999	8.81719613
location	7840	56.55956367	9.15680195
location	7850	56.48444375	9.12847686
location	7860	56.61535823	8.83661067
location	7870	56.71910575	9.02646622
location	7884	56.82525886	9.00113248
location	7900	56.7909307	8.80307523
location	7950	56.8499435	8.70467586
location	7960	56.76325377	8.58596392
location	7970	56.73993985	8.63947611
location	7980	56.74842812	8.72666914
location	7990	56.70333146	8.69094496
location	8000	56.14653059	10.19488435
location	8200	56.20167527	10.15922351
location	8210	56.17162148	10.15819911
location	8220	56.15788265	10.06788413
location	8230	56.15196052	10.1605019
location	8240	56.20013895	10.22772666
location	8250	56.22062565	10.27332281
location	8260	56.12635244	10.13778473
location	8270	56.10925697	10.19038551
location	8300	55.95916323	10.17248285
location	8305	55.80308366	10.58611812
location	8310	56.09423322	10.13924601
location	8320	56.0658713	10.15312251
location	8330	56.06269886	10.23058516
location	8340	56.02727804	10.21323146
location	8350	55.90551956	10.05739324
location	8355	56.03661436	10.0866212
location	8361	56.10123046	10.08245179
location	8362	56.09369625	10.0135704
location	8370	56.33866468	10.0289852
location	8380	56.27022295	10.16086107
location	8381	56.18928869	10.09750556
location	8382	56.25949156	10.06719333
location	8400	56.26575171	10.73316473
location	8410	56.317568	10.48016476
location	8420	56.19326555	10.50985533
location	8444	56.30795171	10.82554659
location	8450	56.26356721	9.8817943
location	8462	56.14059283	9.99991491
location	8464	56.17800104	9.91179535
location	8471	56.21127538	10.01547147
location	8472	56.20907595	9.83610781
location	8500	56.42794759	10.84475511
location	8520	56.24438884	10.22716475
location	8530	56.29464717	10.20502083
location	8541	56.27207745	10.32071452
location	8543	56.33260255	10.29717184
location	8544	56.35508218	10.38246065
location	8550	56.38481233	10.50027849
location	8560	56.34682936	10.61106988
location	8570	56.36287517	10.74217288
location	8581	56.42793946	10.53988094
location	8585	56.50362437	10.70432538
location	8586	56.44956016	10.62703709
location	8592	56.70602868	11.5586168
location	8600	56.17147071	9.4900253
location	8620	56.2882506	9.39095532
location	8632	56.24319222	9.55711799
location	8641	56.17906349	9.77449496
location	8643	56.28777753	9.6247327
location	8653	56.08668443	9.55044283
location	8654	56.02488921	9.47060993
location	8660	56.02388208	9.89235588
location	8670	56.14838747	9.79899795
location	8680	56.08481116	9.71786836
location	8700	55.88079276	9.78149881
location	8721	55.7249829	9.70788252
location	8722	55.76508387	9.71130088
location	8723	55.81385497	9.69416947
location	8732	55.95626604	9.98616441
location	8740	55.96052136	9.59236493
location	8751	55.93439431	9.86197889
location	8752	55.96891982	9.75737543
location	8762	55.89442946	9.66642959
location	8763	55.87835123	9.6137501
location	8765	55.92463273	9.48555987
location	8766	55.96381394	9.41496508
location	8781	55.79039351	9.80232769
location	8783	55.76234096	9.85180061
location	8789	55.75324129	10.30650605
location	8799	55.95055136	10.43544835
location	8800	56.41681148	9.36897659
location	8830	56.49762699	9.60208409
location	8831	56.50640163	9.33562014
location	8832	56.60103499	9.3641894
location	8840	56.35360504	9.50444327
location	8850	56.36051392	9.64257403
location	8860	56.3800683	9.78710533
location	8870	56.3806496	9.90941177
location	8881	56.3103006	9.79439741
location	8882	56.27196318	9.70492587
location	8883	56.22223999	9.73984728
location	8900	56.46401254	10.0331817
location	8920	56.48050883	9.88044731
location	8930	56.50133804	10.1684307
location	8940	56.41476356	10.01231946
location	8950	56.52136442	10.31404039
location	8960	56.42891405	10.17690051
location	8961	56.48749714	10.49234849
location	8963	56.42921057	10.38424574
location	8970	56.64404666	10.24786405
location	8981	56.54082727	10.0192493
location	8983	56.58233605	10.10145059
location	8990	56.55632319	9.84538694
location	9000	57.04071943	9.89137823
location	9200	57.00928951	9.86220561
location	9210	56.9991663	9.93295578
location	9220	57.05001015	10.00750733
location	9230	56.9647583	9.86815189
location	9240	56.9766274	9.47764361
location	9260	56.93195612	10.01379029
location	9270	57.01951187	10.05566097
location	9280	56.94614847	10.21024951
location	9293	56.89578273	10.1135906
location	9300	57.33243507	10.46020515
location	9310	57.10195914	10.08812266
location	9320	57.17870119	10.13790859
location	9330	57.21127809	10.31020366
location	9340	57.1266589	10.36703574
location	9352	57.28497909	10.32334518
location	9362	57.05355371	10.19776644
location	9370	57.02498855	10.30086655
location	9380	57.12732919	9.97550463
location	9381	57.16265215	9.99174315
location	9382	57.20308117	9.9350316
location	9400	57.08253657	9.92260209
location	9430	57.11542262	9.85636123
location	9440	57.16281999	9.76743307
location	9460	57.11409455	9.52916426
location	9480	57.33647395	9.74027228
location	9490	57.20322836	9.65450806
location	9492	57.25418763	9.60899419
location	9493	57.26602272	9.69607155
location	9500	56.63884509	9.70994296
location	9510	56.76264148	9.94260419
location	9520	56.84944104	9.92696601
location	9530	56.89267972	9.80945918
location	9541	56.84292865	9.68119202
location	9550	56.6354689	10.03096995
location	9560	56.75613538	10.19138919
location	9574	56.8298458	10.12654857
location	9575	56.81450196	10.04422607
location	9600	56.80003403	9.49610809
location	9610	56.74794316	9.63042311
location	9620	56.69297871	9.4967184
location	9631	56.69090797	9.36544459
location	9632	56.6088695	9.50805968
location	9640	56.78956936	9.29587574
location	9670	56.93787961	9.32490793
location	9681	56.89623039	9.20951402
location	9690	57.08332391	9.21926372
location	9700	57.28432949	9.88277134
location	9740	57.29699349	10.11084423
location	9750	57.34034984	10.27081316
location	9760	57.37190853	9.87742317
location	9800	57.45677529	10.00194327
location	9830	57.37825187	10.14317436
location	9850	57.56522019	9.9730564
location	9870	57.4674892	10.24075136
location	9881	57.56950037	10.23546481
location	9900	57.42465984	10.4353151
location	9940	57.26614235	11.0080114
location	9970	57.49210102	10.48547229
location	9981	57.53295125	10.40023385
location	9982	57.61578717	10.38549636
location	9990	57.67467155	10.46037665
division	Syddanmark	55.378456	9.131928
division	Nordjylland	57.047218	9.9201
division	Midtjylland	56.453121	9.40201
division	Sjaelland	55.50375	11.836965
division	Hovedstaden	55.86171	12.313743
country	Denmark	56.2639	9.5018
